{"cameraMode":{"drawMode":0,"name":"Shaded","section":"Shading Mode"},"sceneLighting":true,"audioPlay":false,"sceneViewState":{"showFog":true,"showMaterialUpdate":false,"showSkybox":true,"showFlares":true,"showImageEffects":true,"showParticleSystems":true},"in2DMode":false,"pivot":{"x":0.15581786632537843,"y":0.0,"z":-0.2642802596092224},"rotation":{"x":0.39893805980682375,"y":-0.012378612533211708,"z":0.005385981872677803,"w":0.9168784618377686},"size":69.92584228515625,"orthographic":false}